sample_idx,rel_param_dist,mae_counts_per_shot,rmse_counts_per_shot,flip_rate,total_shift_vs_baseline,total_defects,corrected_total,rejected_total,param__gaussian_sigma,param__derivative_threshold,param__derivative_threshold_pos,param__derivative_threshold_neg,param__peak_step_filter_enabled,param__peak_step_filter_window_px,param__peak_step_filter_min_abs_delta_m,param__min_same_sign_peak_distance_um,param__zero_crossing_min_distance_um,param__defect_position_hist_half_window_um
69,0.10110862873320668,0.25925925925925924,0.693888666488711,0.14814814814814814,-7,442,28,40,0.3414055217331899,0.0,0.0534868763573613,-0.0390142110641702,True,4,0.09905862876000933,5.633590020516703,2.939379310047384,4.0
103,0.17740351816710867,0.25925925925925924,0.693888666488711,0.14814814814814814,5,454,35,58,0.4203734069070206,0.0,0.05378178925098128,-0.029359178314892112,True,4,0.10236504587701517,7.661543809544889,2.541570927137569,4.0
137,0.12159001273467036,0.3333333333333333,0.7934920476158722,0.18518518518518517,5,454,34,64,0.30805739834452717,0.0,0.05370771759090434,-0.028498777723933638,True,4,0.09957861861285489,8.342312477926711,2.472447696905089,4.0
33,0.15062002860121684,0.37037037037037035,0.816496580927726,0.2222222222222222,-2,447,34,53,0.3029438183622983,0.0,0.05261959781485744,-0.035243612915989736,True,5,0.0841892351512209,5.171750750213439,2.9016551585053953,4.0
159,0.16948118947710836,0.37037037037037035,0.769800358919501,0.25925925925925924,-10,439,29,57,0.32040598930213265,0.0,0.05192399937709063,-0.034625200672737826,True,4,0.11204781556336635,9.945877802464093,3.1191282590644303,4.0
9,0.1096563591787804,0.4074074074074074,0.8819171036881969,0.2222222222222222,3,452,37,53,0.25856232811115304,0.0,0.05704829187979885,-0.03219955709726683,True,4,0.10257803933253351,5.520515499312586,2.671798842560461,4.0
200,0.19002012236514312,0.4074074074074074,0.7934920476158722,0.2962962962962963,-5,444,57,36,0.43752842825744415,0.0,0.06588363453059683,-0.03436097299809228,True,4,0.09607835878868864,7.120256094064606,3.1070212787879337,4.0
37,0.15360654443995653,0.4444444444444444,0.9813067629253163,0.2222222222222222,-8,441,33,56,0.3532888070145986,0.0,0.054189495422532485,-0.03551438579873203,True,5,0.09435146980078885,8.818255827266313,2.9871440844829866,4.0
194,0.23587691290735308,0.4444444444444444,0.90267093384844,0.25925925925925924,6,455,34,57,0.4686940138617507,0.0,0.05070752978985922,-0.028033896717332016,True,4,0.10486833762080178,7.622059931423684,2.6054418338123697,4.0
228,0.10562011854536157,0.4444444444444444,0.90267093384844,0.25925925925925924,-4,445,31,72,0.2778739613192699,0.0,0.05013759525632123,-0.03206041864175094,True,4,0.11626729739258897,7.975537622980795,2.6728014360484873,4.0
237,0.18810805086615406,0.4444444444444444,0.8606629658238704,0.2962962962962963,-2,447,72,66,0.2925428425842455,0.0,0.0708522000895994,-0.028131803264868596,True,4,0.10339836861621235,9.452706280925682,2.8811588154665215,4.0
243,0.1596930987776685,0.4444444444444444,0.816496580927726,0.3333333333333333,12,461,34,55,0.3468476205610123,0.0,0.05362167437410025,-0.03092737794610851,True,4,0.10049285296317215,4.961820149491524,2.2954379327060135,4.0
65,0.16642846088307842,0.48148148148148145,0.9229582069908973,0.2962962962962963,3,452,26,43,0.3724893901161139,0.0,0.043904608791381805,-0.042450938444894185,True,4,0.10697741625609102,5.680958474788371,2.713645230030905,4.0
195,0.1078755052293203,0.48148148148148145,0.8388704928078611,0.37037037037037035,-3,446,25,64,0.2695010262267137,0.0,0.046581432636790744,-0.036143402114447915,True,4,0.11666703015363496,6.166552013367113,3.2050811179686383,4.0
189,0.14417160498834583,0.5185185185185185,0.9813067629253163,0.2962962962962963,12,461,36,45,0.3958617154871611,0.0,0.051550183231246105,-0.030990159247021348,True,4,0.09347505820016333,7.410007497428099,3.409638652662491,4.0
124,0.12317413516872822,0.5185185185185185,0.9428090415820634,0.3333333333333333,-14,435,28,26,0.344724833994627,0.0,0.05537767641207371,-0.04372257278815416,True,4,0.10887133193357455,7.570988754134475,3.2562807576573087,4.0
261,0.17737317262522007,0.5555555555555556,1.1055415967851334,0.3333333333333333,11,460,26,59,0.2218857361977579,0.0,0.045889598789483343,-0.03492496160909819,True,3,0.11252401007928042,7.836224775073969,2.4588999644557594,4.0
40,0.10975018997194388,0.5555555555555556,0.9622504486493763,0.37037037037037035,-15,434,43,38,0.3025451529246229,0.0,0.06358046071504601,-0.03866018175010747,True,4,0.10440850378315497,5.682188612036786,3.3228871936332283,4.0
142,0.1554112315693115,0.5555555555555556,0.9622504486493763,0.37037037037037035,-13,436,29,56,0.34988258144693685,0.0,0.05648670464610223,-0.035433651030289254,True,3,0.12303013678322589,6.388431674787765,2.604668666091971,4.0
270,0.21866378803864636,0.5555555555555556,0.9622504486493763,0.37037037037037035,11,460,28,51,0.38691885355255984,0.0,0.04704848366658396,-0.03395440882695718,True,5,0.07581895028177721,5.271303013541565,3.650384666494006,4.0
277,0.19026500113347952,0.5555555555555556,0.9622504486493763,0.37037037037037035,7,456,24,83,0.353987135851934,0.0,0.04445927119073179,-0.02888758578032175,True,3,0.11451905903576187,6.896288460134414,2.20631903402588,4.0
206,0.19588092927133147,0.5555555555555556,1.0363754503432017,0.4074074074074074,7,456,21,56,0.40256253589789315,0.0,0.044040501683347846,-0.03369765931675755,True,3,0.10573548332579726,8.351925250522164,3.2602680690057575,4.0
274,0.19163030250803623,0.5555555555555556,0.8388704928078611,0.48148148148148145,5,454,22,69,0.35069215378757507,0.0,0.04150845188196453,-0.03766029502667158,True,3,0.11964830523776056,7.6682314028630145,3.6863035961668285,4.0
167,0.1913900876984649,0.5925925925925926,1.1221672153735642,0.2962962962962963,-16,433,33,58,0.2853804820246414,0.0,0.0566694653900173,-0.036752593840090615,True,5,0.0958177340378743,8.787123513537468,1.9556782314673584,4.0
180,0.09265721783405094,0.5925925925925926,1.0540925533894598,0.3333333333333333,16,465,37,48,0.33757896666996784,0.0,0.055453767343542106,-0.029153353305986823,True,4,0.09281578206526311,7.044201094837352,3.317953160860021,4.0
53,0.21410732322626724,0.5925925925925926,1.0183501544346312,0.37037037037037035,-16,433,28,19,0.2227548056721523,0.0,0.05541445385834098,-0.04567696028474707,True,3,0.12115724680467584,5.797877491132846,2.528274898585087,4.0
273,0.16927527938087084,0.5925925925925926,0.9813067629253163,0.4074074074074074,6,455,29,63,0.23538517432513986,0.0,0.05136611926990448,-0.030548904114718174,True,3,0.10610444285462939,7.155254999768726,3.776137633920591,4.0
32,0.20602066507528508,0.5925925925925926,0.9428090415820634,0.4444444444444444,4,453,27,65,0.35906307435861584,0.0,0.045815888909312,-0.034921933244318436,True,4,0.11828721369193243,5.038712931911682,1.9672098082601148,4.0
42,0.24178930751937022,0.5925925925925926,0.9428090415820634,0.4444444444444444,0,449,28,31,0.413671410175115,0.0,0.050596788613491914,-0.04021571627312957,True,3,0.1078676917722548,4.150373193675104,3.154064352925798,4.0
285,0.17885646828647633,0.6296296296296297,1.1385500851066221,0.3333333333333333,-17,432,32,28,0.3755148760040293,0.0,0.05815209340038407,-0.042848008955001016,True,4,0.10022136607478863,8.89099844237552,3.5533462767622166,4.0
177,0.13703222268025703,0.6296296296296297,1.0715167512214394,0.37037037037037035,-13,436,36,47,0.3093439704339949,0.0,0.05862592804949627,-0.03911173007379502,True,5,0.08846707834337145,5.664203330603554,3.031635083121908,4.0
278,0.3020873992430308,0.6296296296296297,1.1055415967851334,0.37037037037037035,11,460,33,34,0.4501554042152082,0.0,0.04710698522753318,-0.03659329155790754,True,2,0.10407879491725987,9.2829146989992,2.7386867620378488,4.0
8,0.12974050113342706,0.6296296296296297,1.0363754503432017,0.4074074074074074,-11,438,37,57,0.3049586046648375,0.0,0.06101607233031094,-0.03383065279449997,True,3,0.11463489357893455,6.90749245155717,3.4282907070667066,4.0
43,0.1262577034904488,0.6296296296296297,1.0363754503432017,0.4074074074074074,11,460,23,56,0.30554292998469074,0.0,0.045308547429293265,-0.0333435914397661,True,4,0.09649762853842525,8.877579957007935,3.2075188705435056,4.0
94,0.1071369685594174,0.6296296296296297,1.0363754503432017,0.4074074074074074,3,452,53,30,0.27869285815266215,0.0,0.06464094005921578,-0.037484505143909184,True,4,0.08867525391193684,6.979204590221911,3.490246292759954,4.0
139,0.2754049725720486,0.6296296296296297,1.0,0.48148148148148145,-5,444,24,23,0.4680984500692807,0.0,0.05287235768373472,-0.039988179768769075,True,3,0.10244947310133418,7.1444178268790015,4.088440906212055,4.0
27,0.17161978143040196,0.6666666666666666,1.186342028003479,0.3333333333333333,-18,431,26,61,0.40246151719012185,0.0,0.05020197348702699,-0.036886680566731056,True,5,0.09932646975606922,6.408858080552201,2.7101936627310015,4.0
126,0.17252169771653675,0.6666666666666666,1.1547005383792515,0.37037037037037035,4,453,23,93,0.22981913171492116,0.0,0.040436527875064784,-0.033272004863670795,True,5,0.09822247937829383,6.063284996623661,3.0557805349717433,4.0
128,0.15365272468988567,0.6666666666666666,1.1547005383792515,0.37037037037037035,0,449,25,48,0.27085693469738326,0.0,0.0472835644095212,-0.040307080947355634,True,5,0.0794835693012963,6.353709019446778,2.982291700618192,4.0
97,0.20226591356984266,0.6666666666666666,1.2171612389003692,0.37037037037037035,-6,443,37,14,0.2968225017685864,0.0,0.05700047608193125,-0.044572840957933034,True,3,0.099395568012617,9.391283354476414,2.472626250723909,4.0
83,0.12529979732348606,0.6666666666666666,1.0886621079036347,0.4074074074074074,16,465,21,75,0.28118833626042783,0.0,0.03785579207317707,-0.03558127093554952,True,4,0.10306572133176528,6.782225618287895,2.75591313506663,4.0
251,0.21059952506256274,0.6666666666666666,1.0886621079036347,0.4074074074074074,8,457,42,43,0.43390980071847496,0.0,0.05836654690813407,-0.0311187883939103,True,3,0.09867839864491729,5.802690808661991,3.170976333596752,4.0
175,0.20927131576703545,0.6666666666666666,1.0540925533894598,0.4444444444444444,6,455,28,97,0.2554336799433845,0.0,0.03831338734088232,-0.03474972535013519,True,3,0.12359397299550084,7.9682277990230075,2.295829893873925,4.0
197,0.17475994249046198,0.6666666666666666,1.0540925533894598,0.4444444444444444,-16,433,61,44,0.365205569552203,0.0,0.06908903261573501,-0.03713297444098023,True,5,0.08868501262687867,6.286351962006941,3.321919992764978,4.0
174,0.1358105317093239,0.7037037037037037,1.3471506281091268,0.2962962962962963,19,468,32,36,0.2693927460422947,0.0,0.04869006051313823,-0.036023994535706844,True,4,0.08662613649110402,8.796345831385855,2.5658363558787043,4.0
71,0.20090196324429196,0.7037037037037037,1.1706281947614154,0.37037037037037035,11,460,36,18,0.20161972627926333,0.0,0.05441686667955138,-0.042707363558709105,True,4,0.07372049123810728,5.631090016225164,2.585599278909393,4.0
106,0.1607948446992315,0.7037037037037037,1.2018504251546631,0.37037037037037035,3,452,33,73,0.29821782160589944,0.0,0.048146952163662826,-0.03284899457238387,True,5,0.09566231993535333,8.052753698790767,2.1803492121485375,4.0
110,0.16915069462075533,0.7037037037037037,1.2619796324000607,0.37037037037037035,11,460,54,47,0.3300491985747611,0.0,0.06218885971009755,-0.03291457415869113,True,5,0.07131265676846492,7.534444163489756,2.586577460934037,4.0
132,0.2967454303918096,0.7037037037037037,1.2619796324000607,0.37037037037037035,9,458,25,14,0.3871517853440046,0.0,0.05045352668103472,-0.04143868822063482,True,3,0.08866536834355088,6.7830352261422995,4.932679456219759,4.0
283,0.16988086514065168,0.7037037037037037,1.3471506281091268,0.37037037037037035,15,464,39,51,0.34146862235800163,0.0,0.05324508300940417,-0.031134270610098855,True,5,0.07608148668253305,5.525027886430353,3.224175449790769,4.0
210,0.17478142871988528,0.7037037037037037,1.2322818340454909,0.4074074074074074,17,466,27,83,0.27847634526874154,0.0,0.04466624668894758,-0.027613336670517834,True,3,0.10694439756270079,7.440651927993645,2.2802197379376,4.0
203,0.2051950368237467,0.7037037037037037,1.1385500851066221,0.4444444444444444,17,466,24,99,0.3122865062713501,0.0,0.034533573404131185,-0.030546695707628285,True,4,0.10450886073943462,9.551568342636505,3.1774085584815923,4.0
299,0.20000462360603227,0.7037037037037037,1.0715167512214394,0.48148148148148145,17,466,83,65,0.3370239782512214,0.0,0.07225519255831585,-0.02472507032883488,True,3,0.09770733986363449,6.4383725222121,3.3104562056375246,4.0
57,0.25686907324226466,0.7407407407407407,1.2765694770084508,0.37037037037037035,-16,433,30,73,0.20593900470964707,0.0,0.05144382585146291,-0.03097483696956668,True,4,0.11358350976309822,10.99517187006067,3.1330231037325804,4.0
61,0.15266087642146267,0.7407407407407407,1.186342028003479,0.4074074074074074,20,469,23,74,0.3739637098111686,0.0,0.04026043947725459,-0.030392766870260123,True,4,0.10356890652203098,7.571029884819394,2.7820759637881247,4.0
171,0.15919600711846313,0.7407407407407407,1.2765694770084508,0.4074074074074074,16,465,38,52,0.3534218244149636,0.0,0.05119621112016895,-0.032328228286640684,True,5,0.07862880032127223,6.930917322281162,2.508758361306133,4.0
280,0.22178301969489797,0.7407407407407407,1.1547005383792515,0.4444444444444444,6,455,118,28,0.3073322618981506,0.0,0.08234370854478275,-0.037352216834472825,True,4,0.08493979610663713,8.107874490140581,2.3685456222135812,4.0
41,0.23968574419067784,0.7407407407407407,1.186342028003479,0.4444444444444444,-8,441,19,76,0.38162121136001304,0.0,0.04375229363280535,-0.03414363843882239,True,5,0.09985294250982711,5.370822373242245,4.233404930794022,4.0
209,0.22624309345267393,0.7407407407407407,1.186342028003479,0.4444444444444444,10,459,20,20,0.2157943603567185,0.0,0.04866722144980271,-0.041248638722418705,True,3,0.09575716207385115,6.556851682549076,4.22257963556481,4.0
150,0.21864660652509038,0.7407407407407407,1.1221672153735642,0.48148148148148145,10,459,20,66,0.37607511888179096,0.0,0.036621067164333145,-0.03922957376014892,True,5,0.08131737135484748,8.479451029738945,2.8658798434164705,4.0
297,0.1796705648367346,0.7407407407407407,1.1221672153735642,0.48148148148148145,-18,431,27,48,0.27895711995715144,0.0,0.05442693262174036,-0.04133504571319659,True,3,0.12853976642382778,5.6043034831024805,2.7993310847582933,4.0
5,0.235664299851689,0.7777777777777778,1.319371343004213,0.4074074074074074,11,460,65,51,0.25109673969332463,0.0,0.06657272355619247,-0.03026499668858613,True,2,0.09935167664486289,8.354398131528175,2.6695027046355815,4.0
100,0.18150543732186167,0.7777777777777778,1.401057801435388,0.4074074074074074,11,460,32,11,0.3762105402431536,0.0,0.052674969774321276,-0.04263631741215955,True,3,0.08333237722260411,5.900771231182767,3.1253457928779858,4.0
10,0.16026066577987566,0.7777777777777778,1.2322818340454909,0.4444444444444444,-3,446,50,17,0.28732654621043,0.0,0.06465792508828344,-0.04301238178923381,True,4,0.07674318805090222,5.9714016127735325,3.414369922879191,4.0
98,0.15852013831807296,0.7777777777777778,1.2322818340454909,0.4444444444444444,-21,428,27,49,0.2879694763415756,0.0,0.05307274167706187,-0.04032288169529853,True,4,0.12325091802623073,5.175941616255634,2.4982456948846616,4.0
262,0.2131415271298854,0.7777777777777778,1.2322818340454909,0.4444444444444444,11,460,29,47,0.2520520218324598,0.0,0.0466011218835213,-0.03795169920470376,True,5,0.06653220724458152,8.967240580680254,2.72277427243477,4.0
130,0.16444283989612243,0.7777777777777778,1.2909944487358056,0.4444444444444444,15,464,28,90,0.28798698200603823,0.0,0.03996558945146491,-0.03219678262154516,True,3,0.11731442391057943,7.82311843134266,2.9531214109588397,4.0
48,0.14614951784211636,0.7777777777777778,1.3743685418725535,0.4444444444444444,15,464,35,48,0.27517968391530273,0.0,0.05279568797791687,-0.033634821289406154,True,3,0.10221608568757615,5.090153428878111,2.8620341643009737,4.0
6,0.14446953993971048,0.7777777777777778,1.1706281947614154,0.48148148148148145,13,462,35,30,0.2927175192192652,0.0,0.056104539710888364,-0.03540414065147416,True,4,0.07826957991725589,7.107412084945787,3.9368344961516413,4.0
155,0.17481562560125777,0.7777777777777778,1.2018504251546631,0.48148148148148145,-9,440,84,24,0.32551588624615596,0.0,0.0757304550055842,-0.041595544900366196,True,4,0.08759423844266562,6.484876579661758,3.2734114636302465,4.0
29,0.14937049979852643,0.7777777777777778,1.1385500851066221,0.5185185185185185,-11,438,20,66,0.2650177402588292,0.0,0.0428874316994264,-0.04152366265502814,True,4,0.12132338851636247,6.805754261228497,3.3434026870997506,4.0
4,0.27195594410738566,0.8148148148148148,1.632993161855452,0.37037037037037035,16,465,27,40,0.1724479304214886,0.0,0.04991734132755287,-0.034695773948807455,True,2,0.10229205264536699,5.154566371830764,2.726616964116629,4.0
250,0.21821525404590328,0.8148148148148148,1.632993161855452,0.37037037037037035,16,465,44,60,0.24820173093460374,0.0,0.05814803430061022,-0.02970053551055473,True,2,0.102543494133085,7.600349735251074,2.58312951078048,4.0
271,0.3081171109017501,0.8148148148148148,1.2171612389003692,0.48148148148148145,-18,431,33,63,0.49536171116428873,0.0,0.05573930787935319,-0.031189191070631072,True,4,0.11730146286562489,10.035839345710551,3.306328901055595,4.0
79,0.2398828011922561,0.8148148148148148,1.247219128924647,0.48148148148148145,-20,429,28,72,0.2343895223112091,0.0,0.05434778649455043,-0.034757203766966505,True,3,0.12944843202710646,10.16811496045069,2.918922330566644,4.0
186,0.22719572908768526,0.8148148148148148,1.186342028003479,0.5185185185185185,-16,433,29,52,0.24662346181372685,0.0,0.0547974838596629,-0.04106965931992269,True,2,0.12189688761365763,6.888441444923944,2.8885499165510806,4.0
1,0.23978351088570068,0.8148148148148148,1.2171612389003692,0.5185185185185185,-4,445,26,69,0.40287640544905,0.0,0.05033677945986901,-0.03130139231680621,True,2,0.11029279431053113,7.517905315486112,3.0639199895544293,4.0
287,0.32914522195798446,0.8148148148148148,1.2765694770084508,0.5185185185185185,2,451,25,9,0.43949801674824635,0.0,0.053958192139782514,-0.04179249828695702,True,2,0.09821136564514225,6.663047416667659,4.5044265263704855,4.0
252,0.17136221985742517,0.8148148148148148,1.1547005383792515,0.5555555555555556,-10,439,25,80,0.3642794472546966,0.0,0.04729966496011161,-0.033677776579233445,True,3,0.12554062535514574,6.323121580700004,3.1175043355043544,4.0
170,0.3445983143839016,0.8518518518518519,1.575271875417536,0.37037037037037035,13,462,66,18,0.5210058397872895,0.0,0.06333479983322542,-0.03642075801422375,True,2,0.09592425017477801,6.281892520695845,2.875162942064927,4.0
64,0.3307046420268726,0.8518518518518519,1.3743685418725535,0.4444444444444444,-23,426,27,9,0.5242176601739731,0.0,0.053290145393996124,-0.04657686860675964,True,4,0.08785710569001501,7.233177208173855,2.14758035338938,4.0
68,0.15843326082355355,0.8518518518518519,1.3743685418725535,0.4444444444444444,1,450,33,15,0.36196182781953967,0.0,0.050102085861997284,-0.04583474208843436,True,4,0.08555866775087294,7.5625659787406825,2.86668321530834,4.0
235,0.26036301372636317,0.8518518518518519,1.4272480642961256,0.4444444444444444,1,450,68,13,0.4685641728638116,0.0,0.06805855226865741,-0.04001239815567831,True,3,0.09293163429041122,6.873330761248372,3.3563214671364614,4.0
266,0.25256786298913264,0.8518518518518519,1.4782371884055634,0.4444444444444444,9,458,45,56,0.29326276979150806,0.0,0.06180720766934643,-0.03050883058984141,True,2,0.10182254322385405,4.350520509252566,3.4311342646888114,4.0
21,0.12024503497789514,0.8518518518518519,1.2909944487358056,0.48148148148148145,-19,430,28,85,0.2824554657448163,0.0,0.053439871857946956,-0.029365503743710032,True,4,0.12457245792008496,6.2797599969853986,2.969442444687262,4.0
168,0.13199215447533474,0.8518518518518519,1.2909944487358056,0.48148148148148145,-17,432,25,77,0.29998914227796886,0.0,0.04836169095519919,-0.03584487068976874,True,5,0.1045141170404831,5.833075397756953,2.6390591982892566,4.0
247,0.15541425748767318,0.8518518518518519,1.2909944487358056,0.48148148148148145,-15,434,35,94,0.2973191124534679,0.0,0.056047322725938854,-0.02836691023797883,True,5,0.11388800096559881,5.451963818076781,2.865102269382657,4.0
108,0.22576655602110426,0.8518518518518519,1.3471506281091268,0.48148148148148145,1,450,30,25,0.28496284711348924,0.0,0.05148954530601358,-0.0435320696266836,True,2,0.11038842536239475,8.005884070352197,2.710051961822395,4.0
39,0.16502532290403676,0.8518518518518519,1.2619796324000607,0.5185185185185185,-17,432,26,62,0.23178782806614145,0.0,0.046432851211031974,-0.042899425873160826,True,5,0.103202751103086,7.067522522618494,2.9680938068894447,4.0
101,0.15076885310665578,0.8518518518518519,1.2619796324000607,0.5185185185185185,-11,438,36,77,0.3480623773732369,0.0,0.05763609260412452,-0.029642621532245346,True,5,0.10146798258195994,6.5250891204228765,3.60304331818384,4.0
76,0.23598843892363264,0.8888888888888888,1.5153535218873173,0.4074074074074074,10,459,34,11,0.22093899083459856,0.0,0.05159732281271842,-0.04495897285205413,True,4,0.05689777874110835,7.77750430149404,2.4192588747917148,4.0
113,0.2522919484397399,0.8888888888888888,1.6777409856157222,0.4074074074074074,14,463,43,75,0.19311797583527587,0.0,0.058497193225409506,-0.026668520541562893,True,2,0.10612771618915612,6.848378575987867,2.8176016400403165,4.0
272,0.1769117960972992,0.8888888888888888,1.4142135623730951,0.48148148148148145,-14,435,30,18,0.22952467431615337,0.0,0.0587983439017538,-0.044833503794816626,True,4,0.0906061413600692,5.996534731129502,3.676281836663659,4.0
99,0.17326922320885804,0.8888888888888888,1.46565621758588,0.48148148148148145,18,467,28,49,0.2595293692652486,0.0,0.04181671690823315,-0.04219384918266921,True,3,0.1103838903904057,7.7256475802387605,2.72787562076039,4.0
46,0.16812374891402787,0.8888888888888888,1.2765694770084508,0.5185185185185185,0,449,76,27,0.3036055327692976,0.0,0.07220162101037221,-0.0386819036145688,True,3,0.09883760609611116,6.234084518785297,2.642201817104082,4.0
121,0.20068857859416772,0.8888888888888888,1.2765694770084508,0.5185185185185185,8,457,35,75,0.18996912323919887,0.0,0.051454290848904155,-0.026729005075607184,True,5,0.08782858540779204,7.539991855188341,3.193163881923647,4.0
296,0.26376454576600683,0.8888888888888888,1.2765694770084508,0.5185185185185185,-20,429,31,5,0.4091379437992719,0.0,0.054812569636747216,-0.05107149581931524,True,3,0.08382790388538947,8.042340859061914,2.4552950402134632,4.0
193,0.15075759056673077,0.8888888888888888,1.3052600138300812,0.5185185185185185,-16,433,22,81,0.27132980298797954,0.0,0.04607069313593259,-0.036274318066330226,True,4,0.12692680891307317,6.353012005462879,2.3908423576193067,4.0
263,0.18810365211561725,0.8888888888888888,1.3608276348795434,0.5185185185185185,-22,427,50,54,0.3232617316354666,0.0,0.06623470797154811,-0.03722620868405229,True,3,0.12343554011892398,7.1906524548975135,3.8364214184431216,4.0
18,0.2173537842236872,0.9259259259259259,1.7105338131489614,0.4074074074074074,11,460,63,35,0.24839793819367748,0.0,0.06551670790665513,-0.03623560959367392,True,2,0.10180217640805843,6.219593049492254,2.9296715679391525,4.0
157,0.2507549271820357,0.9259259259259259,1.7320508075688772,0.4074074074074074,19,468,28,53,0.2557114758497646,0.0,0.048354446113695264,-0.033645300169773344,True,2,0.10560488770088113,5.256728702014133,2.1146557869312996,4.0
23,0.1216869123291364,0.9259259259259259,1.4272480642961256,0.48148148148148145,21,470,38,46,0.257498449457545,0.0,0.05185906955290236,-0.03164266829786877,True,3,0.10015930874546966,6.493857831266831,2.8253378361887735,4.0
30,0.21967636855463712,0.9259259259259259,1.4272480642961256,0.48148148148148145,-23,426,47,42,0.3562739461229057,0.0,0.0638761713625179,-0.04131382074298,True,5,0.09129049326666117,9.477350040408936,2.3379948890466182,4.0
292,0.12026764058100312,0.9259259259259259,1.4272480642961256,0.48148148148148145,17,466,59,39,0.26751696425612254,0.0,0.06365774515523523,-0.03351326193098972,True,3,0.09875681930875203,6.881158509150935,2.9992087448927705,4.0
264,0.25824185269811534,0.9259259259259259,1.401057801435388,0.5185185185185185,-3,446,33,8,0.39453887707628676,0.0,0.054023924954241805,-0.04534977074522415,True,2,0.10334954940769572,7.122713718988338,2.495071920347557,4.0
260,0.1913066069926348,0.9259259259259259,1.319371343004213,0.5555555555555556,17,466,23,67,0.30663418784970176,0.0,0.03744995400692974,-0.03826405541605782,True,5,0.07528719522475474,6.13334346599734,2.7622406923335583,4.0
144,0.17340780586073817,0.9259259259259259,1.2619796324000607,0.5925925925925926,15,464,69,26,0.2354783329386293,0.0,0.06900260901804185,-0.034394884414012346,True,4,0.07710154452444488,6.515366978572169,3.614027403893083,4.0
143,0.25594224923800807,0.9629629629629629,1.7427096823731247,0.4074074074074074,18,467,39,4,0.32103811896753626,0.0,0.053164676950246445,-0.04335341837773424,True,2,0.07577342254696746,8.88421536450445,2.6399545941560607,4.0
122,0.21667106764840713,0.9629629629629629,1.46565621758588,0.48148148148148145,26,475,42,49,0.4253448932826358,0.0,0.05305851338962199,-0.026558460908068144,True,4,0.08596590934164637,5.824267870764641,2.351485502044265,4.0
217,0.21981191652005158,0.9629629629629629,1.4907119849998598,0.48148148148148145,-26,423,86,22,0.2928915867189475,0.0,0.07785624037023488,-0.044208666478798495,True,4,0.09910656339425801,8.91459709188278,2.566824828355058,4.0
50,0.2769737253204026,0.9629629629629629,1.5153535218873173,0.48148148148148145,-14,435,32,75,0.31290435590781013,0.0,0.05497991629442924,-0.029268068778314456,True,2,0.10965664436266542,10.475229341555062,2.849062206027706,4.0
249,0.22904993700701423,0.9629629629629629,1.387777332977422,0.5185185185185185,24,473,21,77,0.3803282433249607,0.0,0.03658727569159033,-0.030028209425686896,True,5,0.08130337249732288,5.601460979089743,2.516969487716498,4.0
239,0.20010965968326,0.9629629629629629,1.3608276348795434,0.5555555555555556,-2,447,34,115,0.34899179198387303,0.0,0.05394307267158893,-0.021702314343885525,True,5,0.09987721237869013,5.621246299519317,2.738077375010426,4.0
179,0.18997010114391044,0.9629629629629629,1.3052600138300812,0.5925925925925926,4,453,64,53,0.33029651852489855,0.0,0.06640308823190681,-0.032042432216558885,True,5,0.08485125479541733,5.041824526848113,2.4927122864255202,4.0
85,0.22695816100160224,0.9629629629629629,1.387777332977422,0.5925925925925926,0,449,29,67,0.3096029379649097,0.0,0.05361623293228766,-0.03233955821225794,True,2,0.11168005868428742,5.017791053587411,3.2893926941589458,4.0
116,0.2081538019902456,1.0,1.8954135676924424,0.4074074074074074,25,474,41,38,0.2813818111651772,0.0,0.05591799972873725,-0.03236279236822033,True,2,0.09833831742974675,5.634961568406169,2.783974401927651,4.0
67,0.23423450562802636,1.0,1.7533037597843888,0.4444444444444444,19,468,62,64,0.29683714304827097,0.0,0.0644732588158447,-0.026577397979476475,True,2,0.10007018764929031,6.146721867882592,2.4674449973624575,4.0
149,0.21878315298097076,1.0,1.4782371884055634,0.5185185185185185,-9,440,45,55,0.3569348459674282,0.0,0.06279746736895683,-0.03455638377835703,True,2,0.10952954726581454,7.976617394633014,2.9536391928610306,4.0
141,0.19685273604252473,1.0,1.6442942874387492,0.5185185185185185,19,468,32,17,0.3527272994441717,0.0,0.055355202448055946,-0.038213732910001054,True,3,0.09009234058521204,4.568264479017004,3.591669030347143,4.0
16,0.12913625293467976,1.0,1.401057801435388,0.5555555555555556,-21,428,26,80,0.24983566825434916,0.0,0.04915720066226285,-0.036318264600962866,True,5,0.11036276951028441,6.757337394245164,2.878951664838555,4.0
293,0.123842141297012,1.0,1.401057801435388,0.5555555555555556,-15,434,31,76,0.3082849542759618,0.0,0.053498910573475035,-0.03330046496548596,True,5,0.10706466693960598,5.852895736082117,2.71306936926187,4.0
225,0.2219945948836784,1.0,1.4529663145135578,0.5555555555555556,-23,426,31,74,0.3113645390793484,0.0,0.0529169277963609,-0.035649952201303355,True,6,0.07432987064678319,6.10807308366852,3.2943357200513432,4.0
291,0.282210749243749,1.0,1.4782371884055634,0.5555555555555556,11,460,26,23,0.272385085337473,0.0,0.04322383309776469,-0.045683017365313,True,2,0.10546404018297094,8.578425666043639,3.9775921469296804,4.0
86,0.12501234053436158,1.0,1.5030832509409646,0.5925925925925926,23,472,42,15,0.3164770468704548,0.0,0.057878206681121355,-0.037500127318376014,True,3,0.08774556367603724,6.6460197217858585,3.4076535805859773,4.0
295,0.2660776322314729,1.0,1.5275252316519468,0.5925925925925926,11,460,115,23,0.2964819680789,0.0,0.0815870651866959,-0.037094903378822965,True,2,0.09827808717151959,7.437504860759311,3.18929831914354,4.0
44,0.24090556418708156,1.0,1.4529663145135578,0.6296296296296297,-17,432,60,57,0.2996335919470861,0.0,0.07242472776949595,-0.031671063293172395,True,5,0.09250698220926074,4.867396267492434,4.1059348765975905,4.0
211,0.24252970118598513,1.037037037037037,1.539600717839002,0.5185185185185185,-16,433,37,71,0.3374506424332715,0.0,0.061022411863070926,-0.031173491006737313,True,2,0.11325177373486289,7.848175359635986,2.1001230514141436,4.0
54,0.11134259485066182,1.037037037037037,1.4401645996461911,0.5555555555555556,-16,433,36,73,0.2685037295586366,0.0,0.057970916207437766,-0.03373014691258942,True,5,0.10438238916669972,7.428010259367137,2.825986681291444,4.0
286,0.15048853668826875,1.037037037037037,1.4142135623730951,0.5925925925925926,-28,421,32,59,0.3512137714004652,0.0,0.060217758664287115,-0.03759736182647205,True,5,0.10477103471636931,7.323522272151472,3.6570295070360728,4.0
87,0.2510623159443431,1.037037037037037,1.3052600138300812,0.7037037037037037,-14,435,29,100,0.3139580201101118,0.0,0.04187778691442389,-0.03855815966866597,True,2,0.1263510803669284,8.566373215650223,3.143660541327077,4.0
59,0.18931117895835212,1.0740740740740742,1.5986105077709065,0.5555555555555556,-27,422,50,35,0.3831574780192767,0.0,0.06659372103009006,-0.04254674225092273,True,5,0.09095456461330098,7.758695867182203,2.92179568423567,4.0
244,0.1478845145498437,1.0740740740740742,1.4529663145135578,0.5925925925925926,-25,424,22,67,0.35941955585168983,0.0,0.050331685145964006,-0.03751478678757016,True,4,0.12846913649934455,8.000408857450987,3.012740770172424,4.0
111,0.2739529016107506,1.0740740740740742,1.3471506281091268,0.7037037037037037,-23,426,27,142,0.26264158523735276,0.0,0.051720272326319525,-0.023095419069481902,True,2,0.1275565264982493,7.363824047789052,3.7467625280623187,4.0
202,0.19805881277963805,1.1111111111111112,1.9626135258506325,0.4444444444444444,26,475,44,8,0.3608818953834983,0.0,0.05443260618733754,-0.0402248798957178,True,3,0.07276261591900612,8.734738198524235,2.6590965975811303,4.0
191,0.249824320589079,1.1111111111111112,2.0,0.4444444444444444,22,471,30,7,0.32145095690845843,0.0,0.05133488073764789,-0.04123861255397649,True,2,0.09304910751173727,5.816860848169561,4.004713684917312,4.0
192,0.2728955081519661,1.1111111111111112,1.699673171197595,0.5555555555555556,-24,425,29,52,0.34733975529718997,0.0,0.0572140138861662,-0.04135344362593527,True,2,0.12367745828042341,7.494109494722311,1.835065186565103,4.0
199,0.23741645130857966,1.1111111111111112,1.5869840952317444,0.5925925925925926,16,465,23,16,0.23144482672185474,0.0,0.04245856541475863,-0.04661089583823399,True,3,0.0844102185400245,8.955594870185125,3.3728519788103117,4.0
288,0.22582745735760723,1.1111111111111112,1.46565621758588,0.6296296296296297,0,449,25,59,0.2802624882069209,0.0,0.04370376123946969,-0.030778403927706262,True,4,0.09385251824081654,10.771982168579346,3.1266541623992348,4.0
151,0.2349908153691172,1.1111111111111112,1.5869840952317444,0.6666666666666666,2,451,35,88,0.3257209226165625,0.0,0.04667894262603941,-0.02969711312570028,True,6,0.0730914440026091,6.962708828296093,3.313407092287199,4.0
279,0.21079049943187392,1.1481481481481481,1.7320508075688772,0.5185185185185185,-15,434,55,46,0.2548223867044719,0.0,0.06731050925190256,-0.030508667640188215,True,4,0.09301198597172823,10.227738178887968,3.1963405148258746,4.0
218,0.23431271866120565,1.1481481481481481,1.8155705153742436,0.5555555555555556,21,470,59,50,0.2785688174926739,0.0,0.06479144422353483,-0.027990051893487744,True,2,0.0945731907794872,5.374905417086071,3.071317953326457,4.0
134,0.13636603144895526,1.1481481481481481,1.551582227085438,0.5925925925925926,-31,418,23,73,0.2820999034542431,0.0,0.055152527131405775,-0.03569693732399888,True,4,0.13012665081389135,7.457703796196919,3.5296392949670254,4.0
238,0.2017120690824854,1.1481481481481481,1.551582227085438,0.5925925925925926,-31,418,26,93,0.2729652799401038,0.0,0.05618046425029224,-0.03223755569487748,True,3,0.1374147784750414,5.809767740929181,3.589448403820348,4.0
117,0.14105893659878702,1.1481481481481481,1.5030832509409646,0.6296296296296297,-31,418,26,67,0.2954417779515305,0.0,0.052687291769478804,-0.038519916981723766,True,5,0.11521437809530694,5.602183190540648,2.8782444206208933,4.0
212,0.2451072207226408,1.1481481481481481,1.575271875417536,0.6296296296296297,-7,442,44,70,0.28009489306488405,0.0,0.0592671856803307,-0.031569593776585504,True,6,0.06519506736727447,6.614784402109539,3.4869621765866916,4.0
56,0.22966745334451058,1.1481481481481481,1.6442942874387492,0.6296296296296297,19,468,49,67,0.20702434137105352,0.0,0.05897805707321276,-0.024654167357886024,True,5,0.07544194112873774,8.304836031716686,3.4551272965539304,4.0
269,0.318878489306177,1.1481481481481481,1.4782371884055634,0.6666666666666666,-23,426,28,116,0.4384673732922218,0.0,0.04845299211781121,-0.02565304477542899,True,2,0.1264144312637646,8.73718671253864,3.5358160702971673,4.0
147,0.31841842764624506,1.1851851851851851,1.8257418583505538,0.48148148148148145,-30,419,42,23,0.3144497998229625,0.0,0.06449902911568013,-0.04345283353322573,True,2,0.11249835934251018,11.024139977693197,2.5435264449951016,4.0
255,0.1929200633483796,1.1851851851851851,1.80534186769688,0.5185185185185185,30,479,26,48,0.34275311419684956,0.0,0.04241428416063661,-0.03420860979661801,True,3,0.09863050921778936,6.6679918836304655,1.9504040636335063,4.0
34,0.1747461739928633,1.1851851851851851,1.784708711578779,0.5555555555555556,32,481,27,43,0.24225879670645414,0.0,0.0409154011006766,-0.03833528127755238,True,3,0.09877953624787313,7.592917131595074,2.461456629162683,4.0
91,0.18381443709169154,1.1851851851851851,1.632993161855452,0.5925925925925926,-26,423,23,84,0.3733957463308291,0.0,0.04786128555630934,-0.0346484949136286,True,5,0.11574839001211915,7.8674919778642245,3.7165709064099293,4.0
136,0.1420125859795959,1.2222222222222223,1.6887426837300736,0.5925925925925926,-33,416,25,70,0.24464362219832614,0.0,0.053911011972284546,-0.03802277902738743,True,5,0.11604411349335289,6.41375285180786,3.1901775310454314,4.0
227,0.1949848837118488,1.2222222222222223,1.7950549357115013,0.5925925925925926,-27,422,58,81,0.22771462182836916,0.0,0.06985822689336707,-0.02953699552833089,True,5,0.11119720212887362,6.914052796097421,2.434405300984733,4.0
0,0.2144461401417399,1.2222222222222223,1.6666666666666667,0.6296296296296297,-23,426,40,82,0.30008120110897807,0.0,0.05803854634650741,-0.03331485013313321,True,6,0.08368433623589398,6.3915448007053435,2.4602992223988833,4.0
20,0.28392761482619244,1.2222222222222223,1.7743021580745904,0.6296296296296297,31,480,58,7,0.24907975027712478,0.0,0.06327887723005511,-0.03583479249476496,True,2,0.07353806754543792,8.986647808984307,4.002638304309769,4.0
80,0.2202540276654197,1.2222222222222223,1.5986105077709065,0.6666666666666666,-21,428,39,91,0.2534572488951004,0.0,0.054360424694180454,-0.0313738967015752,True,6,0.08620114174114579,6.918369487489305,2.4350113128003117,4.0
201,0.19888043452063653,1.2222222222222223,1.5986105077709065,0.6666666666666666,-23,426,68,90,0.2978542429368298,0.0,0.07347981894888145,-0.025763613461901546,True,5,0.10530572792333018,5.838766669800908,3.1143476408825386,4.0
246,0.25024003601663874,1.2222222222222223,1.7105338131489614,0.6666666666666666,-25,424,26,131,0.2890111158640364,0.0,0.03822362436628009,-0.03390094191761236,True,6,0.09434507929799008,6.396700317692471,2.1391165763868463,4.0
90,0.21548180471331124,1.2222222222222223,1.551582227085438,0.7037037037037037,-19,430,38,102,0.29325564090585776,0.0,0.052660170997482894,-0.02789343474544334,True,6,0.0870322353377175,7.621565681288587,3.247087501040575,4.0
181,0.2547158094889153,1.2222222222222223,1.5030832509409646,0.7407407407407407,-15,434,27,146,0.28391805618620003,0.0,0.039646986125763464,-0.02844859052274574,True,3,0.13820157635830838,4.5189606129617115,2.8040134843813886,4.0
109,0.2971850252694516,1.2592592592592593,2.1773242158072694,0.48148148148148145,28,477,60,4,0.4369821951959242,0.0,0.060898210328382316,-0.03958777000711452,True,2,0.06666752891621316,7.952227735821612,2.88576656341613,4.0
223,0.22039069477558312,1.2592592592592593,1.8257418583505538,0.5925925925925926,-34,415,33,19,0.24377699592359744,0.0,0.06290980297654679,-0.047583840886093534,True,4,0.11856691788310947,6.527515286929038,4.021333510263337,4.0
125,0.19776729354327863,1.2592592592592593,1.80534186769688,0.6296296296296297,30,479,42,11,0.28932846773287163,0.0,0.05249176064119995,-0.03633227523986114,True,3,0.07620532583735129,9.705891812197116,3.0632915920248385,4.0
92,0.1709780655083748,1.2592592592592593,1.784708711578779,0.6666666666666666,32,481,33,13,0.3273817640684115,0.0,0.05202064844398143,-0.03735783523662274,True,3,0.08183059099246719,5.043086436006279,3.3694402911136105,4.0
78,0.22917874117236056,1.2592592592592593,1.7213259316477407,0.7037037037037037,-16,433,35,126,0.2746274580360974,0.0,0.04702607140199497,-0.024889916880924297,True,6,0.09242882081619541,6.956868872892967,2.9499889279317575,4.0
216,0.2205822237056703,1.2962962962962963,2.0092379244472363,0.5555555555555556,33,482,47,70,0.23026730391406486,0.0,0.05327232044209593,-0.02354349640111547,True,5,0.07114839085931043,7.129904963859205,2.460421300174562,4.0
259,0.17335724491315768,1.2962962962962963,1.7950549357115013,0.5925925925925926,35,484,26,73,0.21730105079670817,0.0,0.04027172843516037,-0.027748651804266965,True,4,0.09213186747600714,6.558934429701589,2.706303834534857,4.0
165,0.3211394924778569,1.2962962962962963,1.8155705153742436,0.5925925925925926,-33,416,55,83,0.45251184967695424,0.0,0.06792963652881645,-0.028449875676235855,True,2,0.11898768296793412,8.824055349661284,2.584006199355573,4.0
105,0.2358865731394401,1.2962962962962963,2.0637972912229676,0.5925925925925926,29,478,47,38,0.2786910606879543,0.0,0.060165675261386324,-0.0298187445916361,True,2,0.09302119597108749,5.703197779610405,3.7620564344172305,4.0
158,0.2267123051087204,1.2962962962962963,1.7105338131489614,0.6666666666666666,-27,422,21,146,0.2372816857704375,0.0,0.038085065774830285,-0.02940942295626953,True,4,0.13746190058997665,5.666620825602933,3.4174454367405502,4.0
47,0.22165235353644772,1.2962962962962963,1.6216132799251584,0.7037037037037037,-17,432,40,83,0.33537646654454745,0.0,0.05567283275835033,-0.03288561505879377,True,6,0.08010670061109887,6.907016904588906,3.5727796117263217,4.0
135,0.27449364670854615,1.2962962962962963,1.7320508075688772,0.7037037037037037,-31,418,87,29,0.363115440679884,0.0,0.08021036572248114,-0.04022431782421713,True,3,0.10520189673865894,7.218937538449073,4.288944804950669,4.0
84,0.22089163253626598,1.2962962962962963,1.7533037597843888,0.7037037037037037,-21,428,33,107,0.27632830493180827,0.0,0.04613427106592889,-0.03334147091374979,True,6,0.08953663089455566,7.129543645882823,2.3579322524357,4.0
282,0.23323925535495943,1.2962962962962963,1.7105338131489614,0.7407407407407407,-21,428,25,125,0.33993750953972085,0.0,0.03808405002266383,-0.03237651644760299,True,6,0.09223890392374845,6.6276947159590005,3.190115329984084,4.0
185,0.19004964774709818,1.3333333333333333,2.1081851067789197,0.48148148148148145,36,485,23,26,0.35970837946067136,0.0,0.043006824332554046,-0.036344587379778505,True,3,0.08993240994294789,6.502276451419471,2.117655115826268,4.0
2,0.19922675508857754,1.3333333333333333,2.211083193570267,0.5185185185185185,32,481,44,9,0.2444667981534116,0.0,0.054711168022459296,-0.0396663268060459,True,3,0.07642633047561889,6.38778132011,2.0510825782402526,4.0
115,0.21384078419969593,1.3333333333333333,1.8257418583505538,0.5925925925925926,-36,413,38,86,0.4012490656711478,0.0,0.06245070174298726,-0.030987430023911505,True,3,0.1334491282781963,6.921860820426609,2.9589580218448397,4.0
198,0.20321902039529277,1.3333333333333333,1.8257418583505538,0.5925925925925926,-36,413,58,49,0.34089702294899654,0.0,0.07073796065040952,-0.0377379244900833,True,4,0.12361894859269945,9.480758807151211,3.1005279318064582,4.0
187,0.19522021477780288,1.3333333333333333,1.8257418583505538,0.6296296296296297,-36,413,30,77,0.32776631624264485,0.0,0.05260278920985469,-0.03903299361212462,True,4,0.14195463671552258,6.9548214829336485,2.2236308854317266,4.0
290,0.18996311492893184,1.3333333333333333,1.80534186769688,0.6666666666666666,32,481,21,33,0.3206502401416282,0.0,0.04576064935114152,-0.034877640100540355,True,3,0.09486693296661258,4.39662439645849,3.381590339709537,4.0
107,0.30662008530500523,1.3333333333333333,1.7638342073763937,0.7037037037037037,-36,413,106,29,0.2760546571638591,0.0,0.08676022116644481,-0.04156964702566623,True,4,0.09779562580906931,8.071263725809454,4.527181328724848,4.0
204,0.23726740984437492,1.3333333333333333,1.632993161855452,0.7407407407407407,-26,423,30,73,0.3174992855854868,0.0,0.04265097137169922,-0.04528403159229304,True,3,0.14353595840453445,7.040119593087299,2.8710013720086214,4.0
176,0.35374886277086665,1.3333333333333333,1.7427096823731247,0.7407407407407407,-14,435,68,27,0.25368321731221966,0.0,0.07575369496642284,-0.03706525897231436,True,2,0.10008240778925687,8.646223718564416,4.899634025991765,4.0
298,0.22271595905633604,1.3703703703703705,2.2852182001336816,0.5185185185185185,37,486,47,20,0.22072097662883577,0.0,0.0563762580028368,-0.03436714446319648,True,2,0.0932592623215404,6.104449193363948,2.777166035056016,4.0
35,0.149224479254054,1.3703703703703705,1.8954135676924424,0.5925925925925926,35,484,24,18,0.24080633197538018,0.0,0.046886868605642715,-0.036252976442345604,True,3,0.08550503496779721,7.516671398701399,3.210939179883101,4.0
256,0.2130193168639565,1.3703703703703705,1.8358568490953673,0.7037037037037037,-33,416,32,102,0.36413324424329774,0.0,0.051297710722555914,-0.032346157130375815,True,6,0.09502460839373054,6.687862466024958,3.254478256092771,4.0
294,0.2949443214197163,1.3703703703703705,1.855921454276674,0.7037037037037037,9,458,31,16,0.29656924924865313,0.0,0.049673941963427976,-0.03426150271303519,True,2,0.08850108513970362,10.451042193371766,3.913469954355757,4.0
119,0.2798136899470402,1.3703703703703705,1.7743021580745904,0.7777777777777778,-21,428,26,121,0.4164016440804292,0.0,0.038706142693204056,-0.03102280428989332,True,6,0.08995763099679088,7.993414967732115,3.386738567744287,4.0
164,0.22455324079612765,1.4074074074074074,2.143033502442879,0.5925925925925926,36,485,28,59,0.23459826098111625,0.0,0.04161160592942385,-0.030862129157634775,True,5,0.06401160567129426,8.132546730064202,2.644828301158007,4.0
131,0.2549206638983828,1.4074074074074074,2.0,0.6666666666666666,32,481,37,29,0.3446915903680525,0.0,0.049557121235083164,-0.028357267571341885,True,2,0.08517712730700139,9.351896971831522,3.1350599487440487,4.0
215,0.2998309855877671,1.4074074074074074,1.784708711578779,0.7037037037037037,-32,417,30,50,0.447537101618665,0.0,0.046676511849003705,-0.04558134672137962,True,4,0.13743402965113335,9.552663861328263,2.987303144480541,4.0
208,0.20218540011866268,1.4074074074074074,2.0548046676563256,0.7037037037037037,34,483,23,74,0.2693345293066505,0.0,0.03940406526914374,-0.027462012744509334,True,5,0.07210639958318475,7.259870867346519,3.255054876218729,4.0
219,0.2676371006846534,1.4074074074074074,1.6777409856157222,0.7777777777777778,-18,431,39,87,0.2542507943101028,0.0,0.05728228963301708,-0.029779794278653425,True,6,0.07946052816868529,5.467055900765909,4.013094762757495,4.0
257,0.21664412363804214,1.4444444444444444,2.349152723540664,0.5185185185185185,39,488,52,17,0.24443592817873175,0.0,0.05795386010322031,-0.03592929457173642,True,2,0.09274364894962256,6.240920377675204,2.5388909403884368,4.0
73,0.22814143076801055,1.4444444444444444,1.8358568490953673,0.7037037037037037,-31,418,26,153,0.2422760399002048,0.0,0.0442187210542436,-0.02515274886637892,True,4,0.14509819837417579,6.565694842718784,3.1499890046929893,4.0
19,0.2282037393350239,1.4444444444444444,1.9340994650588013,0.7037037037037037,-25,424,31,120,0.2338951250019813,0.0,0.058712012555191775,-0.023860061494258195,True,5,0.11845011367409485,4.9366692059352895,3.4902033088449462,4.0
89,0.25888765632891225,1.4814814814814814,1.9813949444585564,0.6666666666666666,-38,411,46,69,0.2608880839754297,0.0,0.06915840494232846,-0.03273994518655173,True,5,0.10556939440300353,9.929436625006419,4.126453169230709,4.0
182,0.19836089082749073,1.4814814814814814,2.0548046676563256,0.6666666666666666,-36,413,33,115,0.3148215861254797,0.0,0.05141604694306693,-0.030261603789922258,True,6,0.09878586023787471,6.993051888484168,2.951131947238229,4.0
240,0.3269514990624145,1.4814814814814814,1.9245008972987525,0.7037037037037037,-34,415,23,133,0.42484477646290597,0.0,0.044727502888650086,-0.0287649313824219,True,2,0.134470757273524,7.168880696489252,4.11878605123773,4.0
207,0.1889252388610551,1.5185185185185186,2.252570548079255,0.5555555555555556,41,490,23,26,0.25372603932747106,0.0,0.04360824904415056,-0.03538947932560351,True,3,0.08675874585689812,5.388963271342329,2.3289627443691714,4.0
72,0.16354821218225135,1.5185185185185186,2.1343747458109497,0.6296296296296297,41,490,57,32,0.2339934708132546,0.0,0.05888758015221573,-0.030265907722634836,True,3,0.08656254694410241,7.866169551743772,2.579277607088282,4.0
230,0.11340237315051187,1.5185185185185186,2.1343747458109497,0.6666666666666666,41,490,39,44,0.2888573018839351,0.0,0.047140299153318944,-0.029729712312819755,True,4,0.08181716673590986,6.467845889184053,2.7543558376093777,4.0
13,0.1707667026742197,1.5185185185185186,1.9340994650588013,0.7037037037037037,-37,412,34,104,0.23478910910366754,0.0,0.05488605565980373,-0.0323140926928219,True,5,0.1262666248196682,7.976724388774494,2.9855487508102785,4.0
284,0.21830584128599392,1.5185185185185186,1.8757714462371258,0.7407407407407407,-41,408,30,69,0.24267805067656412,0.0,0.055639253527115275,-0.04237272993227495,True,5,0.12294028000581683,9.563842115078472,2.8273888671733007,4.0
221,0.23151568589118612,1.5555555555555556,2.4037008503093262,0.5555555555555556,42,491,62,29,0.31904028747777263,0.0,0.06135292675702585,-0.03153314474702516,True,2,0.09223102967234083,4.9612664015692705,2.746255645364096,4.0
74,0.23490193838950252,1.5555555555555556,2.0,0.7037037037037037,-42,407,30,95,0.2979577156603819,0.0,0.056606640491221945,-0.03531442878152531,True,3,0.1464689695137079,5.686669950538261,2.197059482484277,4.0
148,0.2667398150713173,1.5555555555555556,2.0,0.7407407407407407,-36,413,29,40,0.358393872857992,0.0,0.05193886064898354,-0.04888101349003517,True,4,0.14050712655046813,4.735408108371763,2.471534073324591,4.0
234,0.21310579490035422,1.5555555555555556,2.0,0.7407407407407407,-34,415,29,114,0.24676127932526487,0.0,0.04856527249608115,-0.031238982914254105,True,6,0.0971170091519808,7.212858072857721,3.291090346136164,4.0
120,0.2652840573135329,1.5555555555555556,2.018433569398328,0.7407407407407407,-38,411,23,104,0.4077789392106,0.0,0.041430083586039085,-0.04006221269016781,True,6,0.09430311416662307,6.127489369921409,3.3418548439486115,4.0
77,0.21755625976810197,1.5555555555555556,1.9626135258506325,0.7777777777777778,38,487,44,34,0.23666347791155073,0.0,0.0522457389505408,-0.026688101339811456,True,3,0.0822463174409276,9.235714521243324,3.5350520585522833,4.0
146,0.20278352147525264,1.5925925925925926,2.1688023662159037,0.6666666666666666,-41,408,32,106,0.2666287134617062,0.0,0.050337310262548944,-0.035424875398051725,True,6,0.10059885575335392,6.251442007838694,2.7550160462224453,4.0
190,0.23660676838089387,1.5925925925925926,2.0816659994661326,0.7037037037037037,-43,406,48,35,0.3891131514265928,0.0,0.06841412179409916,-0.043324606548771155,True,4,0.13130915075180113,7.989975608462465,2.208759327902134,4.0
145,0.2079494858715566,1.5925925925925926,2.0275875100994063,0.7407407407407407,-39,410,38,71,0.27309528528433014,0.0,0.059173329304443203,-0.039800652049936026,True,6,0.0879039628457962,7.515122802744086,2.9809340938623503,4.0
267,0.254499379901622,1.5925925925925926,2.0637972912229676,0.7407407407407407,-39,410,22,113,0.36339158635491176,0.0,0.0394735826922656,-0.03964465725712266,True,6,0.09537174193625546,8.227077995639537,2.4929589324120025,4.0
26,0.21525384321238095,1.5925925925925926,2.045772515502441,0.7777777777777778,-35,414,31,93,0.30475241120348295,0.0,0.04803438555608849,-0.037985678641273744,True,6,0.08977537489925089,6.8027674501753985,2.4035820133376253,4.0
62,0.18357776019036243,1.5925925925925926,2.045772515502441,0.7777777777777778,41,490,52,29,0.3762304692891502,0.0,0.05712285356887614,-0.028132887805201404,True,3,0.08301467760608013,8.22356950494609,3.291615836616606,4.0
233,0.29068769748775947,1.6296296296296295,2.260776661041756,0.6296296296296297,-42,407,27,62,0.43586397150431083,0.0,0.05933125003394904,-0.04016862828007468,True,2,0.1291658295925778,6.121769053981558,3.261198070969037,4.0
289,0.20051491020985926,1.6296296296296295,2.1256807188565543,0.6666666666666666,-44,405,29,75,0.24067091060031826,0.0,0.058603983810671306,-0.039496583093397694,True,4,0.14337958830732211,6.090048584196249,3.3848519935781622,4.0
118,0.25419711620010194,1.6296296296296295,2.260776661041756,0.6666666666666666,-42,407,30,96,0.3671619971028432,0.0,0.057737331563140766,-0.035776805390760606,True,2,0.13645211124652984,6.112620676161295,3.050060625666992,4.0
12,0.22906723436994172,1.6296296296296295,2.160246899469287,0.7037037037037037,-40,409,66,86,0.28393333836498813,0.0,0.07235383640526358,-0.03240470316982966,True,6,0.09410715768041998,7.511445789640215,2.9284058593256566,4.0
183,0.22026759384835776,1.6296296296296295,2.2933074933944773,0.7037037037037037,-36,413,33,125,0.2904274131822738,0.0,0.04715371989984278,-0.03171391691753495,True,6,0.10464410729975289,7.957030672352838,3.5893378963918896,4.0
281,0.23790362818544417,1.6296296296296295,2.2933074933944773,0.7037037037037037,-40,409,34,119,0.3911525282787733,0.0,0.049610402179089796,-0.031259574980206574,True,6,0.10359313244199991,7.0198452905459705,2.4671774521351706,4.0
275,0.20434189925009286,1.6296296296296295,2.143033502442879,0.7407407407407407,44,493,78,25,0.24337402868280944,0.0,0.06502330797016709,-0.028891990767082848,True,4,0.0649269427073663,8.593190935622088,2.5954899482948184,4.0
222,0.24450475643068287,1.6296296296296295,2.160246899469287,0.7407407407407407,-38,411,35,116,0.21939401814072515,0.0,0.05358614626187254,-0.029458264255132708,True,6,0.10204532425740297,7.664183705751802,2.2582445743515946,4.0
24,0.2709155207621346,1.6296296296296295,1.9436506316151,0.8518518518518519,-40,409,30,67,0.2215162708050117,0.0,0.047565177018340364,-0.04713795052771897,True,6,0.08743743794668173,5.669445919469245,3.209379303929869,4.0
52,0.2618423373565803,1.6666666666666667,2.2194427061597977,0.6666666666666666,-45,404,60,59,0.3805741905040506,0.0,0.07236462868338753,-0.036672487841434384,True,5,0.11170354770230047,10.343521045855033,2.884254924658329,4.0
268,0.28962030613984185,1.6666666666666667,2.252570548079255,0.6666666666666666,-39,410,100,84,0.26183693623326054,0.0,0.08234966818590948,-0.03014311908512119,True,6,0.08683109062933025,6.623300042733381,2.445135507066162,4.0
58,0.22522850125364982,1.6666666666666667,2.151657414559676,0.7037037037037037,-37,412,23,112,0.25273310892519063,0.0,0.044550969234154025,-0.03464838414584983,True,6,0.09652591748752341,5.560045641600876,3.070631791817844,4.0
161,0.24957005605822732,1.6666666666666667,2.1343747458109497,0.7407407407407407,-45,404,30,84,0.1939384506368978,0.0,0.05214067218795727,-0.041018154298607286,True,6,0.093226474878358,5.9743513738928575,2.8446389922411397,4.0
160,0.21514649427854046,1.6666666666666667,2.151657414559676,0.7407407407407407,-41,408,26,100,0.3083209987417567,0.0,0.04616061734269712,-0.03887491560051647,True,6,0.09519769410130628,8.26732962315775,2.9738904117047413,4.0
231,0.30358475128835477,1.6666666666666667,2.185812841434,0.7407407407407407,-43,406,22,129,0.2747887694304653,0.0,0.053079576784760406,-0.028108126586333118,True,2,0.13894599213383865,7.747013629486178,4.29042983480015,4.0
25,0.16949089709275428,1.7037037037037037,2.341256389522831,0.6296296296296297,46,495,50,25,0.21786968920258654,0.0,0.052973895397629193,-0.03123622883517142,True,4,0.0703136741388255,8.108358886810688,2.9859665744257504,4.0
17,0.21802962007210866,1.7037037037037037,2.2443344307471285,0.7037037037037037,-38,411,27,117,0.33635331990256717,0.0,0.04566223257094569,-0.0345046957730334,True,6,0.1007082331653348,5.669002773861226,3.1600255367083343,4.0
123,0.23344536209838943,1.7037037037037037,2.22777085064038,0.7407407407407407,-42,407,19,120,0.26029910152490704,0.0,0.03852880249044098,-0.03967789239857961,True,6,0.09779611694823308,7.517830543061092,3.064108301229971,4.0
3,0.2419509550614004,1.7037037037037037,2.3570226039551585,0.7407407407407407,-40,409,35,128,0.20005668799109974,0.0,0.05272115412960136,-0.02786043814311916,True,6,0.10557515381575276,7.222927678712658,2.8899121384509856,4.0
36,0.31802408234316615,1.7407407407407407,2.1688023662159037,0.8148148148148148,-43,406,26,88,0.4683977798109306,0.0,0.04280398291314701,-0.04106558773911616,True,6,0.09822616182846512,6.980385908726359,2.2448518418318635,4.0
81,0.20838759546344976,1.7777777777777777,2.6666666666666665,0.6296296296296297,48,497,55,18,0.29321937641719126,0.0,0.05753161831819244,-0.033866247011767936,True,2,0.08646323516012083,5.791076724667462,2.860959585041945,4.0
196,0.2973185641234996,1.7777777777777777,2.3570226039551585,0.7037037037037037,-46,403,126,91,0.2938925763449757,0.0,0.09144440958986397,-0.030809014288992694,True,3,0.13189478297973914,6.927097479695482,2.924898817955851,4.0
28,0.22906133298013634,1.7777777777777777,2.2933074933944773,0.7407407407407407,-44,405,31,101,0.34460562415236096,0.0,0.0520912514595341,-0.034058791899058416,True,6,0.10044542020378514,8.85703282656745,3.4373969473642743,4.0
253,0.2787618822792277,1.7777777777777777,2.211083193570267,0.8148148148148148,-46,403,33,51,0.2495575634129107,0.0,0.050054369823504,-0.05178423015060413,True,6,0.092144699095169,6.2960245590206,2.680420225988206,4.0
153,0.21955627231545835,1.8148148148148149,2.3804761428476167,0.7037037037037037,-45,404,31,106,0.2782908791851894,0.0,0.052638937012434925,-0.03400128808132626,True,6,0.10166915991436572,5.846414147911847,3.68478986901406,4.0
112,0.2723267764959822,1.8148148148148149,2.3804761428476167,0.7777777777777778,49,498,54,35,0.4637509568529962,0.0,0.0552241273407593,-0.025302660174369804,True,3,0.08362920623118926,5.498796515196229,2.713494696517699,4.0
138,0.23972841742885884,1.8518518518518519,2.5092421756969365,0.7407407407407407,-44,405,43,112,0.2845025708558512,0.0,0.06199127174539139,-0.028869115107645945,True,6,0.10372030004364759,5.662605858343598,3.764211418945897,4.0
14,0.2357903673155389,1.8518518518518519,2.372684056006958,0.7777777777777778,-50,399,30,83,0.3475214187426969,0.0,0.051736144953083436,-0.04229761942104572,True,6,0.09989206707609395,7.866290621674672,2.3173716630583963,4.0
66,0.21679049425834368,1.8888888888888888,2.7011657291429376,0.7037037037037037,51,500,50,17,0.27118141522346284,0.0,0.0545119369560477,-0.03178015847171746,True,2,0.08475058135026532,6.586305759500922,2.4430184414721157,4.0
154,0.20784354486157422,1.8888888888888888,2.560381915956203,0.7407407407407407,-47,402,39,117,0.2747035058986313,0.0,0.059774132916600484,-0.030167434009374515,True,6,0.10743983071067374,7.570270138422976,2.7579178898740153,4.0
265,0.26193191474646205,1.8888888888888888,2.560381915956203,0.7407407407407407,-49,400,26,117,0.35597150258940824,0.0,0.04342593057961396,-0.039341517381208016,True,6,0.10722113416228125,7.399574009766378,1.9296021650752944,4.0
104,0.24868359306085028,1.8888888888888888,2.6034165586355513,0.7407407407407407,45,494,21,11,0.20884902521227686,0.0,0.04246676935725419,-0.039453601371374006,True,2,0.08592672367191408,6.8048849588929015,3.1302849086448528,4.0
254,0.25483145391570367,1.8888888888888888,2.3648662948658625,0.7777777777777778,-51,398,36,96,0.28926694785345375,0.0,0.06189259886423057,-0.03621438226800594,True,3,0.15091746846380688,7.305803544511799,4.00720150461634,4.0
152,0.23070057250310344,1.8888888888888888,2.4113927126900783,0.7777777777777778,-51,398,30,79,0.3757215053172151,0.0,0.05361464026805842,-0.0422651132124105,True,6,0.10035986546919924,6.87060696812614,3.364653137334567,4.0
114,0.22779483981666712,1.8888888888888888,2.545875386086578,0.7777777777777778,49,498,33,15,0.29521768585042,0.0,0.049907592345734074,-0.0313465182929911,True,3,0.07142292582650976,6.95864440573548,4.339325975178415,4.0
70,0.2427671584507636,1.8888888888888888,2.4720661623652207,0.8518518518518519,-39,410,48,101,0.3034487132739486,0.0,0.06535647499361262,-0.02973187314292565,True,6,0.09921648851371141,4.96063820592708,3.417505506009787,4.0
31,0.2528910640235473,1.9259259259259258,2.479545956046822,0.7407407407407407,-52,397,35,30,0.3344366692487318,0.0,0.06436594093018834,-0.04908578868557877,True,4,0.13456660496423564,5.567102758950685,2.140154392832024,4.0
214,0.3881386763742261,1.9259259259259258,2.160246899469287,0.9629629629629629,-44,405,7,93,0.3100391377012626,0.0,0.04462427555688493,-0.03917852023110087,True,6,0.0866713648454218,4.2264870372641195,5.282460618598423,4.0
22,0.19630837904097517,1.962962962962963,2.516611478423583,0.7407407407407407,-47,402,25,141,0.2519567046865479,0.0,0.049138361709037195,-0.027808939512187904,True,5,0.12858421363788117,6.7875675302190945,3.6393191316721527,4.0
82,0.23217011275048866,1.962962962962963,2.617604219864388,0.7407407407407407,53,502,57,7,0.2658826910512231,0.0,0.05736506103404557,-0.03497209140277058,True,2,0.0761502861008373,7.094603388729816,2.293410945547991,4.0
45,0.2146981641861583,2.0,2.7352296944647048,0.7037037037037037,-54,395,42,97,0.36704668404563195,0.0,0.06203724345557628,-0.03570086104023647,True,6,0.10440399842702251,6.655934288850845,2.8802935139575756,4.0
95,0.2703441438932372,2.0,2.5092421756969365,0.7407407407407407,-52,397,27,83,0.29189216448712907,0.0,0.06064936780801691,-0.03957237263428582,True,2,0.14051527860626192,8.783889323240965,3.1935235093492746,4.0
245,0.2189549029771853,2.0,2.6666666666666665,0.7407407407407407,-54,395,30,98,0.3489093721640241,0.0,0.05150764912413429,-0.040078237139009334,True,6,0.1087486748674269,5.870342352838629,3.0453484541758487,4.0
88,0.242662920116808,2.0,2.721655269759087,0.7407407407407407,54,503,84,9,0.21295762065731286,0.0,0.0651694793882255,-0.03408448266401523,True,3,0.060259862768403706,7.548520846352116,2.2259369587893314,4.0
242,0.2665557200386982,2.0,2.4645636680909817,0.8148148148148148,-52,397,30,66,0.29246013823041195,0.0,0.04941693080926043,-0.05003918589476504,True,6,0.1001479727751281,5.547394318203833,2.719719578748104,4.0
184,0.21710202148076718,2.037037037037037,2.516611478423583,0.8148148148148148,-55,394,40,63,0.2689624024853169,0.0,0.06495233447001257,-0.043233645250310336,True,5,0.12552409986050692,9.242974383384126,2.913851622056525,4.0
49,0.20036681425863775,2.037037037037037,2.5748067169458815,0.8148148148148148,-53,396,24,107,0.3644506611098937,0.0,0.04787653087308101,-0.038830906002223865,True,5,0.13564723784529878,6.574449818703931,2.659922636221542,4.0
166,0.25735090783899633,2.037037037037037,2.589151155051343,0.8148148148148148,-51,398,27,145,0.24324207760160516,0.0,0.05392470079453328,-0.026234933400905897,True,5,0.1341981146791553,4.326839597649524,2.404280776783034,4.0
51,0.2640454050796303,2.037037037037037,2.617604219864388,0.8148148148148148,55,504,63,27,0.23838748296491696,0.0,0.05825145708898026,-0.027963283358761273,True,2,0.08014071131856787,9.041667392093693,2.503079257096683,4.0
173,0.18268833500948062,2.074074074074074,2.7352296944647048,0.7407407407407407,-56,393,38,123,0.28035736898113356,0.0,0.06305291199438863,-0.028794514372356934,True,5,0.13075360878747952,7.047872241768735,2.5827951670238596,4.0
127,0.34100940702969934,2.074074074074074,2.494438257849294,0.8148148148148148,-50,399,38,80,0.338711018160613,0.0,0.04827508832440187,-0.03475828708933513,True,2,0.12162445027501514,11.707666991840862,2.452440497393338,4.0
205,0.34542432055254274,2.111111111111111,2.834966849371794,0.6666666666666666,-57,392,119,65,0.36434933087560606,0.0,0.08945569402278922,-0.03982235408124221,True,2,0.12875493766682083,7.801590380104072,2.4635640724095342,4.0
96,0.281729384963125,2.111111111111111,2.6597131563524052,0.8148148148148148,-55,394,34,98,0.3206073597223352,0.0,0.06336954275770057,-0.03176195539815825,True,6,0.09919946042376328,8.390985288769789,4.437545159982115,4.0
7,0.2976795350530386,2.1481481481481484,2.70801280154532,0.7037037037037037,-58,391,31,133,0.36243555023077684,0.0,0.05619438887638312,-0.031183321686302036,True,2,0.14919489856426374,8.152805421123892,2.3602192287163626,4.0
63,0.2689413683559367,2.1481481481481484,2.6105200276601623,0.8518518518518519,-58,391,36,53,0.4035414390743882,0.0,0.0612508698422042,-0.04457395854071933,True,6,0.09261304530681148,6.598015386438202,2.394850654504224,4.0
93,0.26674180642811873,2.2222222222222223,3.0307070437746346,0.7407407407407407,60,509,24,27,0.32106146754186154,0.0,0.04051814910328327,-0.0327737384289576,True,2,0.0886945782829644,5.888891184920456,1.910966791155058,4.0
15,0.3364820126273661,2.2222222222222223,2.8803291992923823,0.7777777777777778,60,509,15,20,0.20692937859258986,0.0,0.03812895530088218,-0.03313341280395846,True,2,0.0835282304942105,7.233483327599208,4.700005194674612,4.0
156,0.2027377385122833,2.2222222222222223,2.8803291992923823,0.8148148148148148,60,509,57,12,0.3040646768764897,0.0,0.05549185153305065,-0.03324256621757256,True,3,0.06964945774998132,6.691403349454128,1.9251194078801208,4.0
172,0.21232447656191722,2.259259259259259,3.0123203803835463,0.7407407407407407,-61,388,47,93,0.28830456465873905,0.0,0.06634444169152287,-0.03738294337962309,True,6,0.11062158634406015,7.516708397258499,3.035716375474296,4.0
102,0.3030075248224765,2.259259259259259,2.7954990278686944,0.7777777777777778,-61,388,24,82,0.26102620859574704,0.0,0.050819595990500004,-0.043526532925390014,True,4,0.1564738438145381,10.440702629863534,3.0381746499993527,4.0
248,0.25654685339357175,2.2962962962962963,2.9059326290271157,0.8518518518518519,-56,393,34,142,0.4030043650012682,0.0,0.048386307503164895,-0.0318439610939385,True,6,0.1246912649175263,6.468650120852903,2.8223249951766336,4.0
55,0.20554372495541698,2.2962962962962963,2.775554665954844,0.8888888888888888,-62,387,28,109,0.3139497049133881,0.0,0.05417495076437797,-0.038320377993627655,True,5,0.14537917665683284,7.879816414999348,3.0336739141738884,4.0
140,0.20458090734375642,2.3333333333333335,2.96273147243853,0.8148148148148148,-63,386,42,98,0.22442980100771695,0.0,0.06650560386622034,-0.0346928072762454,True,5,0.1325391813624373,7.267096442455462,2.6223684284751263,4.0
163,0.24552961367741813,2.3333333333333335,2.886751345948129,0.8888888888888888,-57,392,32,143,0.3741863827047706,0.0,0.0474399890362637,-0.030910823760462214,True,6,0.1193571277836421,8.321484489618026,2.783890351863951,4.0
75,0.25931629076923185,2.3703703703703702,3.018461712712472,0.8888888888888888,-56,393,26,164,0.227114982321195,0.0,0.04584107140786582,-0.02752515846529788,True,6,0.11611285388483102,8.24812408589259,2.475269254097994,4.0
276,0.23969646372321124,2.4074074074074074,2.8995529668221973,0.8518518518518519,65,514,24,28,0.2804647112446718,0.0,0.04276401177719624,-0.027570685696283997,True,2,0.07934872807893485,6.512869735732046,3.230419819607766,4.0
220,0.33695397549174655,2.4074074074074074,3.0,0.8518518518518519,-61,388,43,113,0.5044749967916016,0.0,0.0599961895189256,-0.03076615822721081,True,6,0.11513996932775186,6.547252158159615,3.521517336289473,4.0
129,0.19807471256853063,2.4074074074074074,2.9876288132775004,0.8888888888888888,65,514,44,36,0.24302661530530897,0.0,0.050487261925796015,-0.023981167102131513,True,3,0.07489405707434638,6.444991589960613,3.090269846114971,4.0
60,0.1732890633004741,2.4074074074074074,3.06110606976798,0.8888888888888888,65,514,55,24,0.27540529732949043,0.0,0.051742886664902725,-0.027699083121629088,True,3,0.07491824458751521,8.205241088500777,2.8874253072208775,4.0
258,0.21279780463074954,2.4444444444444446,3.0550504633038935,0.8148148148148148,-66,383,44,122,0.2961731763845629,0.0,0.06802430245737806,-0.028930573029508414,True,5,0.13561687237609116,8.287152650137783,2.7401688462109983,4.0
11,0.22522167397536466,2.4444444444444446,3.103164454170876,0.8518518518518519,-66,383,31,94,0.27093667022586665,0.0,0.05404524351346626,-0.04388667562083874,True,6,0.11478386969181005,6.556569112571932,2.7868087106427275,4.0
229,0.30072766816098284,2.5185185185185186,3.018461712712472,0.8518518518518519,-68,381,26,106,0.3192251611893479,0.0,0.054018706925387724,-0.042116471227435746,True,3,0.17007319447291458,8.28540087993478,2.979234041590281,4.0
188,0.2752913966782372,2.5555555555555554,3.3054388401430037,0.7777777777777778,-69,380,22,187,0.24823984039407626,0.0,0.0423033655108649,-0.028215410981938693,True,6,0.12982979594804012,7.324625766841496,2.213505376958608,4.0
133,0.24928051984336805,2.5555555555555554,3.23751161874077,0.8148148148148148,-69,380,30,124,0.26868105099370093,0.0,0.054166669109907244,-0.037116747292080976,True,6,0.12739107731243168,6.347642795756984,2.1177378598586114,4.0
241,0.2371982587356218,2.5555555555555554,3.226051364657328,0.8518518518518519,-69,380,33,99,0.2457287405650205,0.0,0.054329266426899545,-0.043942905057899585,True,6,0.1213490654612442,7.0012762612379,3.0302375712796974,4.0
226,0.26822040121419594,2.740740740740741,3.3333333333333335,0.8888888888888888,-74,375,35,101,0.31506394935497345,0.0,0.0682512751245181,-0.035506050118234427,True,3,0.15997451529922752,6.066390834992902,3.15970531043526,4.0
232,0.33423338411899267,2.7777777777777777,3.3938942998447255,0.8518518518518519,-71,378,58,73,0.3574864105285892,0.0,0.07191376239096782,-0.03346902241201017,True,5,0.11542285071260326,12.025283877109413,2.3488019657324175,4.0
178,0.3087874165607518,2.814814814814815,3.2432265598503167,0.9259259259259259,-76,373,29,147,0.2435679609943943,0.0,0.05439487554074404,-0.03561084437290419,True,2,0.15971287156313657,5.904413665414806,2.927809411483118,4.0
169,0.31435174641068303,2.814814814814815,3.265986323710904,0.9259259259259259,-76,373,30,90,0.3239453581094724,0.0,0.04866151477476244,-0.0505280402252422,True,5,0.15869842699795364,5.224805923134095,3.1866534175953,4.0
224,0.3890803621342663,2.962962962962963,3.4641016151377544,0.8888888888888888,-64,385,51,41,0.21500876024842844,0.0,0.07203972007527575,-0.031100674416096222,True,5,0.05734648451729614,11.894440390494848,4.113264121832399,4.0
162,0.32836528146133265,2.962962962962963,3.5276684147527875,0.8888888888888888,-80,369,33,62,0.2214502922728658,0.0,0.05619034045694506,-0.05430580855254488,True,6,0.1257349959843712,5.607518730988019,2.519206754986327,4.0
38,0.30346815449975023,3.2962962962962963,4.059739090321136,0.9629629629629629,89,538,48,15,0.18487705317383998,0.0,0.04855805663834852,-0.02455620746591893,True,3,0.05218956146145685,6.295827290407171,3.9169929650937467,4.0
213,0.3704853331286992,3.3333333333333335,3.925227051701265,0.9259259259259259,-84,365,103,122,0.185269271634363,0.0,0.0880346975787815,-0.028573037314187005,True,6,0.12109366779681895,8.959816646007225,3.651783756736146,4.0
236,0.409050742429407,4.0,4.610776426943651,0.9629629629629629,-108,341,34,219,0.32914529244783924,0.0,0.040348004808919175,-0.04012575225481625,True,2,0.1817840971816172,4.793458418916566,3.67865726881836,4.0
